Workbook

Sheet City_Tier_Master
A1: Multi-City Travel & Expense Reimbursement Tracker — City Allowance Policy
A3: City | B3: Tier | C3: Hotel Limit / Night (₹) | D3: Food Limit / Day (₹) | E3: Local Conveyance Limit / Day (₹)
A4: Mumbai | B4: Tier 1 | C4: 4500 | D4: 1200 | E4: 800
A5: Delhi | B5: Tier 1 | C5: 4500 | D5: 1200 | E5: 800
A6: Bangalore | B6: Tier 1 | C6: 4500 | D6: 1200 | E6: 800
A7: Chennai | B7: Tier 1 | C7: 4200 | D7: 1100 | E7: 750
A8: Hyderabad | B8: Tier 1 | C8: 4200 | D8: 1100 | E8: 750
A9: Pune | B9: Tier 1 | C9: 4000 | D9: 1000 | E9: 700
A10: Ahmedabad | B10: Tier 2 | C10: 3000 | D10: 900 | E10: 600
A11: Jaipur | B11: Tier 2 | C11: 3000 | D11: 900 | E11: 600
A12: Lucknow | B12: Tier 2 | C12: 2800 | D12: 850 | E12: 550
A13: Chandigarh | B13: Tier 2 | C13: 3000 | D13: 900 | E13: 600
A14: Kochi | B14: Tier 2 | C14: 2800 | D14: 850 | E14: 550
A15: Bhopal | B15: Tier 3 | C15: 2000 | D15: 700 | E15: 450
... A18: Surat | B18: Tier 3 | C18: 1800 | D18: 650 | E18: 400
A20: Per-day/per-night reimbursement limits vary by City Tier. This table drives every claim's allowed limit automatically.
A21: Tier 1 = Metro cities | Tier 2 = Major state capitals | Tier 3 = Smaller cities

Sheet Expense_Claims
A1: Travel & Expense Claim Log
A3: S.No | B3: Claim ID | C3: Employee ID | D3: Employee Name | E3: City | F3: Tier | G3: Category | H3: Date | I3: No. of Days/Nights | J3: Claimed Amount (₹) | K3: Allowed Limit (per unit) (₹) | L3: Max Allowed (₹) | M3: Status | N3: Excess Amount (₹)
A4: 1 | B4: EXP-2001 | C4: EMP-301 | D4: Rahul Sharma | E4: Mumbai | F4: =VLOOKUP(E4,City_Tier_Master!$A$4:$E$18,2,FALSE()) -> Tier 1 | G4: Hotel | H4: 46193 | I4: 2 | J4: 8500 | K4: =IF(G4="Hotel",VLOOKUP(E4,City_Tier_Master!$A$4:$E$18,3,FALSE()),IF(G4="Food",VLOOKUP(E4,City_Tier_Master!$A$4:$E$18,4,FALSE()),VLOOKUP(E4,City_Tier_Master!$A$4:$E$18,5,FALSE()))) -> 4500 | L4: =K4*I4 -> 9000 | M4: =IF(J4<=L4,"Within Limit","Excess - Flagged") -> Within Limit | N4: =IF(J4>L4,J4-L4,0) -> 0
A5: 2 | B5: EXP-2002 | C5: EMP-301 | D5: Rahul Sharma | E5: Mumbai | F5: =VLOOKUP(E5,City_Tier_Master!$A$4:$E$18,2,FALSE()) -> Tier 1 | G5: Food | H5: 46193 | I5: 3 | J5: 4200 | K5: =IF(G5="Hotel",VLOOKUP(E5,City_Tier_Master!$A$4:$E$18,3,FALSE()),IF(G5="Food",VLOOKUP(E5,City_Tier_Master!$A$4:$E$18,4,FALSE()),VLOOKUP(E5,City_Tier_Master!$A$4:$E$18,5,FALSE()))) -> 1200 | L5: =K5*I5 -> 3600 | M5: =IF(J5<=L5,"Within Limit","Excess - Flagged") -> Excess - Flagged | N5: =IF(J5>L5,J5-L5,0) -> 600
A6: 3 | B6: EXP-2003 | C6: EMP-302 | D6: Sneha Reddy | E6: Bangalore | F6: =VLOOKUP(E6,City_Tier_Master!$A$4:$E$18,2,FALSE()) -> Tier 1 | G6: Local Conveyance | H6: 46195 | I6: 4 | J6: 2900 | K6: =IF(G6="Hotel",VLOOKUP(E6,City_Tier_Master!$A$4:$E$18,3,FALSE()),IF(G6="Food",VLOOKUP(E6,City_Tier_Master!$A$4:$E$18,4,FALSE()),VLOOKUP(E6,City_Tier_Master!$A$4:$E$18,5,FALSE()))) -> 800 | L6: =K6*I6 -> 3200 | M6: =IF(J6<=L6,"Within Limit","Excess - Flagged") -> Within Limit | N6: =IF(J6>L6,J6-L6,0) -> 0
A7: 4 | B7: EXP-2004 | C7: EMP-302 | D7: Sneha Reddy | E7: Bangalore | F7: =VLOOKUP(E7,City_Tier_Master!$A$4:$E$18,2,FALSE()) -> Tier 1 | G7: Hotel | H7: 46195 | I7: 3 | J7: 15000 | K7: =IF(G7="Hotel",VLOOKUP(E7,City_Tier_Master!$A$4:$E$18,3,FALSE()),IF(G7="Food",VLOOKUP(E7,City_Tier_Master!$A$4:$E$18,4,FALSE()),VLOOKUP(E7,City_Tier_Master!$A$4:$E$18,5,FALSE()))) -> 4500 | L7: =K7*I7 -> 13500 | M7: =IF(J7<=L7,"Within Limit","Excess - Flagged") -> Excess - Flagged | N7: =IF(J7>L7,J7-L7,0) -> 1500
A8: 5 | B8: EXP-2005 | C8: EMP-303 | D8: Amit Joshi | E8: Jaipur | F8: =VLOOKUP(E8,City_Tier_Master!$A$4:$E$18,2,FALSE()) -> Tier 2 | G8: Food | H8: 46197 | I8: 5 | J8: 4000 | K8: =IF(G8="Hotel",VLOOKUP(E8,City_Tier_Master!$A$4:$E$18,3,FALSE()),IF(G8="Food",VLOOKUP(E8,City_Tier_Master!$A$4:$E$18,4,FALSE()),VLOOKUP(E8,City_Tier_Master!$A$4:$E$18,5,FALSE()))) -> 900 | L8: =K8*I8 -> 4500 | M8: =IF(J8<=L8,"Within Limit","Excess - Flagged") -> Within Limit | N8: =IF(J8>L8,J8-L8,0) -> 0
A9: 6 | B9: EXP-2006 | C9: EMP-303 | D9: Amit Joshi | E9: Jaipur | F9: =VLOOKUP(E9,City_Tier_Master!$A$4:$E$18,2,FALSE()) -> Tier 2 | G9: Hotel | H9: 46197 | I9: 2 | J9: 7000 | K9: =IF(G9="Hotel",VLOOKUP(E9,City_Tier_Master!$A$4:$E$18,3,FALSE()),IF(G9="Food",VLOOKUP(E9,City_Tier_Master!$A$4:$E$18,4,FALSE()),VLOOKUP(E9,City_Tier_Master!$A$4:$E$18,5,FALSE()))) -> 3000 | L9: =K9*I9 -> 6000 | M9: =IF(J9<=L9,"Within Limit","Excess - Flagged") -> Excess - Flagged | N9: =IF(J9>L9,J9-L9,0) -> 1000
A10: 7 | B10: EXP-2007 | C10: EMP-304 | D10: Kavya Menon | E10: Bhopal | F10: =VLOOKUP(E10,City_Tier_Master!$A$4:$E$18,2,FALSE()) -> Tier 3 | G10: Local Conveyance | H10: 46198 | I10: 3 | J10: 1200 | K10: =IF(G10="Hotel",VLOOKUP(E10,City_Tier_Master!$A$4:$E$18,3,FALSE()),IF(G10="Food",VLOOKUP(E10,City_Tier_Master!$A$4:$E$18,4,FALSE()),VLOOKUP(E10,City_Tier_Master!$A$4:$E$18,5,FALSE()))) -> 450 | L10: =K10*I10 -> 1350 | M10: =IF(J10<=L10,"Within Limit","Excess - Flagged") -> Within Limit | N10: =IF(J10>L10,J10-L10,0) -> 0
A11: 8 | B11: EXP-2008 | C11: EMP-304 | D11: Kavya Menon | E11: Bhopal | F11: =VLOOKUP(E11,City_Tier_Master!$A$4:$E$18,2,FALSE()) -> Tier 3 | G11: Hotel | H11: 46198 | I11: 2 | J11: 5000 | K11: =IF(G11="Hotel",VLOOKUP(E11,City_Tier_Master!$A$4:$E$18,3,FALSE()),IF(G11="Food",VLOOKUP(E11,City_Tier_Master!$A$4:$E$18,4,FALSE()),VLOOKUP(E11,City_Tier_Master!$A$4:$E$18,5,FALSE()))) -> 2000 | L11: =K11*I11 -> 4000 | M11: =IF(J11<=L11,"Within Limit","Excess - Flagged") -> Excess - Flagged | N11: =IF(J11>L11,J11-L11,0) -> 1000
A12: 9 | B12: EXP-2009 | C12: EMP-305 | D12: Vikram Singh | E12: Chennai | F12: =VLOOKUP(E12,City_Tier_Master!$A$4:$E$18,2,FALSE()) -> Tier 1 | G12: Food | H12: 46200 | I12: 4 | J12: 4000 | K12: =IF(G12="Hotel",VLOOKUP(E12,City_Tier_Master!$A$4:$E$18,3,FALSE()),IF(G12="Food",VLOOKUP(E12,City_Tier_Master!$A$4:$E$18,4,FALSE()),VLOOKUP(E12,City_Tier_Master!$A$4:$E$18,5,FALSE()))) -> 1100 | L12: =K12*I12 -> 4400 | M12: =IF(J12<=L12,"Within Limit","Excess - Flagged") -> Within Limit | N12: =IF(J12>L12,J12-L12,0) -> 0
A13: 10 | B13: EXP-2010 | C13: EMP-305 | D13: Vikram Singh | E13: Chennai | F13: =VLOOKUP(E13,City_Tier_Master!$A$4:$E$18,2,FALSE()) -> Tier 1 | G13: Hotel | H13: 46200 | I13: 3 | J13: 12000 | K13: =IF(G13="Hotel",VLOOKUP(E13,City_Tier_Master!$A$4:$E$18,3,FALSE()),IF(G13="Food",VLOOKUP(E13,City_Tier_Master!$A$4:$E$18,4,FALSE()),VLOOKUP(E13,City_Tier_Master!$A$4:$E$18,5,FALSE()))) -> 4200 | L13: =K13*I13 -> 12600 | M13: =IF(J13<=L13,"Within Limit","Excess - Flagged") -> Within Limit | N13: =IF(J13>L13,J13-L13,0) -> 0
A14: 11 | B14: EXP-2011 | C14: EMP-306 | D14: Ishita Rao | E14: Lucknow | F14: =VLOOKUP(E14,City_Tier_Master!$A$4:$E$18,2,FALSE()) -> Tier 2 | G14: Local Conveyance | H14: 46201 | I14: 3 | J14: 2000 | K14: =IF(G14="Hotel",VLOOKUP(E14,City_Tier_Master!$A$4:$E$18,3,FALSE()),IF(G14="Food",VLOOKUP(E14,City_Tier_Master!$A$4:$E$18,4,FALSE()),VLOOKUP(E14,City_Tier_Master!$A$4:$E$18,5,FALSE()))) -> 550 | L14: =K14*I14 -> 1650 | M14: =IF(J14<=L14,"Within Limit","Excess - Flagged") -> Excess - Flagged | N14: =IF(J14>L14,J14-L14,0) -> 350
A15: 12 | B15: EXP-2012 | C15: EMP-306 | D15: Ishita Rao | E15: Lucknow | F15: =VLOOKUP(E15,City_Tier_Master!$A$4:$E$18,2,FALSE()) -> Tier 2 | G15: Food | H15: 46201 | I15: 2 | J15: 1500 | K15: =IF(G15="Hotel",VLOOKUP(E15,City_Tier_Master!$A$4:$E$18,3,FALSE()),IF(G15="Food",VLOOKUP(E15,City_Tier_Master!$A$4:$E$18,4,FALSE()),VLOOKUP(E15,City_Tier_Master!$A$4:$E$18,5,FALSE()))) -> 850 | L15: =K15*I15 -> 1700 | M15: =IF(J15<=L15,"Within Limit","Excess - Flagged") -> Within Limit | N15: =IF(J15>L15,J15-L15,0) -> 0
... A19: 16 | B19: EXP-2016 | C19: EMP-304 | D19: Kavya Menon | E19: Pune | F19: =VLOOKUP(E19,City_Tier_Master!$A$4:$E$18,2,FALSE()) -> Tier 1 | G19: Hotel | H19: 46207 | I19: 2 | J19: 9000 | K19: =IF(G19="Hotel",VLOOKUP(E19,City_Tier_Master!$A$4:$E$18,3,FALSE()),IF(G19="Food",VLOOKUP(E19,City_Tier_Master!$A$4:$E$18,4,FALSE()),VLOOKUP(E19,City_Tier_Master!$A$4:$E$18,5,FALSE()))) -> 4000 | L19: =K19*I19 -> 8000 | M19: =IF(J19<=L19,"Within Limit","Excess - Flagged") -> Excess - Flagged | N19: =IF(J19>L19,J19-L19,0) -> 1000

Sheet Reimbursement_Summary
A1: Reimbursement Summary
A3: Employee-Wise Claims Summary
A4: Employee Name | B4: Total Claims | C4: Flagged Claims | D4: Total Claimed (₹) | E4: Total Excess (₹)
A5: Rahul Sharma | B5: =COUNTIF(Expense_Claims!$D$4:$D$19,A5) -> 3 | C5: =COUNTIFS(Expense_Claims!$D$4:$D$19,A5,Expense_Claims!$M$4:$M$19,"Excess - Flagged") -> 2 | D5: =SUMIF(Expense_Claims!$D$4:$D$19,A5,Expense_Claims!$J$4:$J$19) -> 16900 | E5: =SUMIF(Expense_Claims!$D$4:$D$19,A5,Expense_Claims!$N$4:$N$19) -> 1200
A6: Sneha Reddy | B6: =COUNTIF(Expense_Claims!$D$4:$D$19,A6) -> 3 | C6: =COUNTIFS(Expense_Claims!$D$4:$D$19,A6,Expense_Claims!$M$4:$M$19,"Excess - Flagged") -> 1 | D6: =SUMIF(Expense_Claims!$D$4:$D$19,A6,Expense_Claims!$J$4:$J$19) -> 20900 | E6: =SUMIF(Expense_Claims!$D$4:$D$19,A6,Expense_Claims!$N$4:$N$19) -> 1500
A7: Amit Joshi | B7: =COUNTIF(Expense_Claims!$D$4:$D$19,A7) -> 3 | C7: =COUNTIFS(Expense_Claims!$D$4:$D$19,A7,Expense_Claims!$M$4:$M$19,"Excess - Flagged") -> 1 | D7: =SUMIF(Expense_Claims!$D$4:$D$19,A7,Expense_Claims!$J$4:$J$19) -> 13000 | E7: =SUMIF(Expense_Claims!$D$4:$D$19,A7,Expense_Claims!$N$4:$N$19) -> 1000
A8: Kavya Menon | B8: =COUNTIF(Expense_Claims!$D$4:$D$19,A8) -> 3 | C8: =COUNTIFS(Expense_Claims!$D$4:$D$19,A8,Expense_Claims!$M$4:$M$19,"Excess - Flagged") -> 2 | D8: =SUMIF(Expense_Claims!$D$4:$D$19,A8,Expense_Claims!$J$4:$J$19) -> 15200 | E8: =SUMIF(Expense_Claims!$D$4:$D$19,A8,Expense_Claims!$N$4:$N$19) -> 2000
A9: Vikram Singh | B9: =COUNTIF(Expense_Claims!$D$4:$D$19,A9) -> 2 | C9: =COUNTIFS(Expense_Claims!$D$4:$D$19,A9,Expense_Claims!$M$4:$M$19,"Excess - Flagged") -> 0 | D9: =SUMIF(Expense_Claims!$D$4:$D$19,A9,Expense_Claims!$J$4:$J$19) -> 16000 | E9: =SUMIF(Expense_Claims!$D$4:$D$19,A9,Expense_Claims!$N$4:$N$19) -> 0
A10: Ishita Rao | B10: =COUNTIF(Expense_Claims!$D$4:$D$19,A10) -> 2 | C10: =COUNTIFS(Expense_Claims!$D$4:$D$19,A10,Expense_Claims!$M$4:$M$19,"Excess - Flagged") -> 1 | D10: =SUMIF(Expense_Claims!$D$4:$D$19,A10,Expense_Claims!$J$4:$J$19) -> 3500 | E10: =SUMIF(Expense_Claims!$D$4:$D$19,A10,Expense_Claims!$N$4:$N$19) -> 350
A13: City-Wise Claims Summary
A14: City | B14: Tier | C14: Total Claims | D14: Total Claimed (₹) | E14: Total Excess (₹)
A15: Bangalore | B15: =VLOOKUP(A15,City_Tier_Master!$A$4:$E$18,2,FALSE()) -> Tier 1 | C15: =COUNTIF(Expense_Claims!$E$4:$E$19,A15) -> 2 | D15: =SUMIF(Expense_Claims!$E$4:$E$19,A15,Expense_Claims!$J$4:$J$19) -> 17900 | E15: =SUMIF(Expense_Claims!$E$4:$E$19,A15,Expense_Claims!$N$4:$N$19) -> 1500
A16: Bhopal | B16: =VLOOKUP(A16,City_Tier_Master!$A$4:$E$18,2,FALSE()) -> Tier 3 | C16: =COUNTIF(Expense_Claims!$E$4:$E$19,A16) -> 2 | D16: =SUMIF(Expense_Claims!$E$4:$E$19,A16,Expense_Claims!$J$4:$J$19) -> 6200 | E16: =SUMIF(Expense_Claims!$E$4:$E$19,A16,Expense_Claims!$N$4:$N$19) -> 1000
A17: Chennai | B17: =VLOOKUP(A17,City_Tier_Master!$A$4:$E$18,2,FALSE()) -> Tier 1 | C17: =COUNTIF(Expense_Claims!$E$4:$E$19,A17) -> 2 | D17: =SUMIF(Expense_Claims!$E$4:$E$19,A17,Expense_Claims!$J$4:$J$19) -> 16000 | E17: =SUMIF(Expense_Claims!$E$4:$E$19,A17,Expense_Claims!$N$4:$N$19) -> 0
A18: Hyderabad | B18: =VLOOKUP(A18,City_Tier_Master!$A$4:$E$18,2,FALSE()) -> Tier 1 | C18: =COUNTIF(Expense_Claims!$E$4:$E$19,A18) -> 1 | D18: =SUMIF(Expense_Claims!$E$4:$E$19,A18,Expense_Claims!$J$4:$J$19) -> 3000 | E18: =SUMIF(Expense_Claims!$E$4:$E$19,A18,Expense_Claims!$N$4:$N$19) -> 0
A19: Jaipur | B19: =VLOOKUP(A19,City_Tier_Master!$A$4:$E$18,2,FALSE()) -> Tier 2 | C19: =COUNTIF(Expense_Claims!$E$4:$E$19,A19) -> 2 | D19: =SUMIF(Expense_Claims!$E$4:$E$19,A19,Expense_Claims!$J$4:$J$19) -> 11000 | E19: =SUMIF(Expense_Claims!$E$4:$E$19,A19,Expense_Claims!$N$4:$N$19) -> 1000
A20: Kochi | B20: =VLOOKUP(A20,City_Tier_Master!$A$4:$E$18,2,FALSE()) -> Tier 2 | C20: =COUNTIF(Expense_Claims!$E$4:$E$19,A20) -> 1 | D20: =SUMIF(Expense_Claims!$E$4:$E$19,A20,Expense_Claims!$J$4:$J$19) -> 2000 | E20: =SUMIF(Expense_Claims!$E$4:$E$19,A20,Expense_Claims!$N$4:$N$19) -> 0
A21: Lucknow | B21: =VLOOKUP(A21,City_Tier_Master!$A$4:$E$18,2,FALSE()) -> Tier 2 | C21: =COUNTIF(Expense_Claims!$E$4:$E$19,A21) -> 2 | D21: =SUMIF(Expense_Claims!$E$4:$E$19,A21,Expense_Claims!$J$4:$J$19) -> 3500 | E21: =SUMIF(Expense_Claims!$E$4:$E$19,A21,Expense_Claims!$N$4:$N$19) -> 350
A22: Mumbai | B22: =VLOOKUP(A22,City_Tier_Master!$A$4:$E$18,2,FALSE()) -> Tier 1 | C22: =COUNTIF(Expense_Claims!$E$4:$E$19,A22) -> 2 | D22: =SUMIF(Expense_Claims!$E$4:$E$19,A22,Expense_Claims!$J$4:$J$19) -> 12700 | E22: =SUMIF(Expense_Claims!$E$4:$E$19,A22,Expense_Claims!$N$4:$N$19) -> 600
A23: Pune | B23: =VLOOKUP(A23,City_Tier_Master!$A$4:$E$18,2,FALSE()) -> Tier 1 | C23: =COUNTIF(Expense_Claims!$E$4:$E$19,A23) -> 1 | D23: =SUMIF(Expense_Claims!$E$4:$E$19,A23,Expense_Claims!$J$4:$J$19) -> 9000 | E23: =SUMIF(Expense_Claims!$E$4:$E$19,A23,Expense_Claims!$N$4:$N$19) -> 1000
A24: Surat | B24: =VLOOKUP(A24,City_Tier_Master!$A$4:$E$18,2,FALSE()) -> Tier 3 | C24: =COUNTIF(Expense_Claims!$E$4:$E$19,A24) -> 1 | D24: =SUMIF(Expense_Claims!$E$4:$E$19,A24,Expense_Claims!$J$4:$J$19) -> 4200 | E24: =SUMIF(Expense_Claims!$E$4:$E$19,A24,Expense_Claims!$N$4:$N$19) -> 600
A26: Overall Snapshot
A28: Total Claims Submitted | C28: =COUNTA(Expense_Claims!$B$4:$B$19) -> 16
A29: Total Claimed Amount (₹) | C29: =SUM(Expense_Claims!$J$4:$J$19) -> 85500
A30: Total Flagged (Excess) Claims | C30: =COUNTIF(Expense_Claims!$M$4:$M$19,"Excess - Flagged") -> 7
A31: Total Pending Excess (₹) | C31: =SUM(Expense_Claims!$N$4:$N$19) -> 6050
A32: Flag Rate % | C32: =C30/C28 -> 0.4375
